{"cameraMode":{"drawMode":0,"name":"Shaded","section":"Shading Mode"},"sceneLighting":true,"audioPlay":false,"sceneViewState":{"m_AlwaysRefresh":false,"showFog":true,"showSkybox":true,"showFlares":true,"showImageEffects":true,"showParticleSystems":true,"showVisualEffectGraphs":true,"m_FxEnabled":false},"in2DMode":false,"pivot":{"x":32.553375244140628,"y":0.2749168872833252,"z":31.464479446411134},"rotation":{"x":0.06440185010433197,"y":-0.05079002305865288,"z":0.0030067346524447204,"w":0.9967880845069885},"size":0.12481480836868286,"orthographic":false}